{"v":"5.5.8","fr":24,"ip":0,"op":144,"w":10000,"h":10000,"nm":"domestika-course-ex1-lottie","ddd":0,"assets":[],"layers":[{"ddd":0,"ind":1,"ty":4,"nm":"eye_matte","td":1,"sr":1,"ks":{"o":{"a":0,"k":100,"ix":11},"r":{"a":0,"k":0,"ix":10},"p":{"a":0,"k":[5000.000000000001,5000.000000000001,0],"ix":2},"a":{"a":0,"k":[0,0,0],"ix":1},"s":{"a":0,"k":[925.925925925926,925.925925925926,100],"ix":6}},"ao":0,"shapes":[{"ty":"gr","it":[{"ind":0,"ty":"sh","ix":1,"ks":{"a":1,"k":[{"i":{"x":0.19,"y":1},"o":{"x":1,"y":0},"t":6,"s":[{"i":[[-1.312,0],[0,0],[1.375,0],[0,0]],"o":[[1.813,0],[0,0],[-1.25,0],[0,0]],"v":[[-0.25,0.063],[-0.5,0],[0,0],[-0.5,0]],"c":true}]},{"i":{"x":0,"y":1},"o":{"x":0.727,"y":0},"t":10,"s":[{"i":[[-121.503,0],[0,0],[121.503,0],[0,0]],"o":[[121.503,0],[0,0],[-121.503,0],[0,0]],"v":[[0,-5],[220,0],[0,5],[-220,0]],"c":true}]},{"i":{"x":0.833,"y":0.833},"o":{"x":0.583,"y":0},"t":30,"s":[{"i":[[-121.503,0],[0,0],[121.503,0],[0,0]],"o":[[121.503,0],[0,0],[-121.503,0],[0,0]],"v":[[0,-105],[220,0],[0,105],[-220,0]],"c":true}]},{"i":{"x":0.298,"y":1},"o":{"x":0.167,"y":0.167},"t":44,"s":[{"i":[[-121.503,0],[0,0],[121.503,0],[0,0]],"o":[[121.503,0],[0,0],[-121.503,0],[0,0]],"v":[[-33.464,64.89],[186.268,13.89],[-33.929,64.89],[-253.732,13.89]],"c":true}]},{"i":{"x":0.317,"y":1},"o":{"x":0.765,"y":0},"t":57,"s":[{"i":[[-121.503,0],[0,0],[121.503,0],[0,0]],"o":[[121.503,0],[0,0],[-121.503,0],[0,0]],"v":[[-51,-84],[169,21],[-51,126],[-271,21]],"c":true}]},{"i":{"x":0.833,"y":0.833},"o":{"x":0.671,"y":0},"t":81,"s":[{"i":[[-121.503,0],[0,0],[121.503,0],[0,0]],"o":[[121.503,0],[0,0],[-121.503,0],[0,0]],"v":[[54,-88],[274,17],[54,122],[-166,17]],"c":true}]},{"i":{"x":0.323,"y":1},"o":{"x":0.167,"y":0.167},"t":92,"s":[{"i":[[-121.503,0],[0,0],[121.503,0],[0,0]],"o":[[121.503,0],[0,0],[-121.503,0],[0,0]],"v":[[33.109,101.485],[253.304,10.485],[33.109,101.485],[-186.696,10.485]],"c":true}]},{"i":{"x":0.667,"y":1},"o":{"x":0.167,"y":0},"t":105,"s":[{"i":[[-121.503,0],[0,0],[121.503,0],[0,0]],"o":[[121.503,0],[0,0],[-121.503,0],[0,0]],"v":[[0,-105],[220,0],[0,105],[-220,0]],"c":true}]},{"i":{"x":0.21,"y":1},"o":{"x":0.834,"y":0},"t":114,"s":[{"i":[[-121.503,0],[0,0],[121.503,0],[0,0]],"o":[[121.503,0],[0,0],[-121.503,0],[0,0]],"v":[[0,-105],[220,0],[0,105],[-220,0]],"c":true}]},{"t":126,"s":[{"i":[[-121.503,0],[0,0],[121.503,0],[0,0]],"o":[[121.503,0],[0,0],[-121.503,0],[0,0]],"v":[[0,60],[220,0],[0,60],[-220,0]],"c":true}]}],"ix":2},"nm":"Path 1","mn":"ADBE Vector Shape - Group","hd":false},{"ty":"fl","c":{"a":0,"k":[0.8627450980392157,0.8627450980392157,0.8627450980392157,1],"ix":4},"o":{"a":0,"k":100,"ix":5},"r":1,"bm":0,"nm":"Fill 1","mn":"ADBE Vector Graphic - Fill","hd":false},{"ty":"tr","p":{"a":0,"k":[0,0],"ix":2},"a":{"a":0,"k":[0,0],"ix":1},"s":{"a":0,"k":[100,100],"ix":3},"r":{"a":0,"k":0,"ix":6},"o":{"a":0,"k":100,"ix":7},"sk":{"a":0,"k":0,"ix":4},"sa":{"a":0,"k":0,"ix":5},"nm":"Transform"}],"nm":"Ellipse 2","np":3,"cix":2,"bm":0,"ix":1,"mn":"ADBE Vector Group","hd":false}],"ip":0,"op":133,"st":0,"bm":0},{"ddd":0,"ind":2,"ty":4,"nm":"pupil_01","tt":1,"sr":1,"ks":{"o":{"a":0,"k":100,"ix":11},"r":{"a":0,"k":0,"ix":10},"p":{"a":1,"k":[{"i":{"x":0.667,"y":1},"o":{"x":0.333,"y":0},"t":6,"s":[5000.000000000001,5342.592592592592,0],"to":[0,0,0],"ti":[0,0,0]},{"i":{"x":0.298,"y":1},"o":{"x":0.809,"y":0},"t":30,"s":[5000.000000000001,5000.000000000001,0],"to":[0,0,0],"ti":[0,0,0]},{"i":{"x":0.317,"y":1},"o":{"x":0.765,"y":0},"t":54,"s":[3472.2222222222226,5231.481481481482,0],"to":[0,0,0],"ti":[0,0,0]},{"i":{"x":0.323,"y":1},"o":{"x":0.671,"y":0},"t":78,"s":[6750,5231.481481481482,0],"to":[0,0,0],"ti":[0,0,0]},{"t":102,"s":[5000.000000000001,5000.000000000001,0]}],"ix":2},"a":{"a":0,"k":[0,0,0],"ix":1},"s":{"a":1,"k":[{"i":{"x":[0.667,0.667,0.667],"y":[1,1,1]},"o":{"x":[0.333,0.333,0.333],"y":[0,0,0]},"t":13,"s":[740.7407407407409,740.7407407407409,100]},{"t":37,"s":[925.925925925926,925.925925925926,100]}],"ix":6}},"ao":0,"shapes":[{"ty":"gr","it":[{"ty":"gr","it":[{"ind":0,"ty":"sh","ix":1,"ks":{"a":0,"k":{"i":[[-4.322,0],[0,-4.322],[4.322,0],[0,4.322]],"o":[[4.322,0],[0,4.322],[-4.322,0],[0,-4.322]],"v":[[22.75,-5.625],[30.576,2.201],[22.75,10.027],[14.924,2.201]],"c":true},"ix":2},"nm":"Path 1","mn":"ADBE Vector Shape - Group","hd":false},{"ty":"fl","c":{"a":0,"k":[1,1,1,1],"ix":4},"o":{"a":0,"k":100,"ix":5},"r":1,"bm":0,"nm":"Fill 1","mn":"ADBE Vector Graphic - Fill","hd":false},{"ty":"tr","p":{"a":0,"k":[0,0],"ix":2},"a":{"a":0,"k":[0,0],"ix":1},"s":{"a":0,"k":[100,102.222],"ix":3},"r":{"a":0,"k":0,"ix":6},"o":{"a":0,"k":100,"ix":7},"sk":{"a":0,"k":0,"ix":4},"sa":{"a":0,"k":0,"ix":5},"nm":"Transform"}],"nm":"Ellipse 4","np":3,"cix":2,"bm":0,"ix":1,"mn":"ADBE Vector Group","hd":false},{"ty":"gr","it":[{"ind":0,"ty":"sh","ix":1,"ks":{"a":0,"k":{"i":[[-10.806,0],[0,-10.806],[10.806,0],[0,10.806]],"o":[[10.806,0],[0,10.806],[-10.806,0],[0,-10.806]],"v":[[32,-52.826],[51.565,-33.261],[32,-13.696],[12.435,-33.261]],"c":true},"ix":2},"nm":"Path 1","mn":"ADBE Vector Shape - Group","hd":false},{"ty":"fl","c":{"a":0,"k":[1,1,1,1],"ix":4},"o":{"a":0,"k":100,"ix":5},"r":1,"bm":0,"nm":"Fill 1","mn":"ADBE Vector Graphic - Fill","hd":false},{"ty":"tr","p":{"a":0,"k":[0,0],"ix":2},"a":{"a":0,"k":[0,0],"ix":1},"s":{"a":0,"k":[100,102.222],"ix":3},"r":{"a":0,"k":0,"ix":6},"o":{"a":0,"k":100,"ix":7},"sk":{"a":0,"k":0,"ix":4},"sa":{"a":0,"k":0,"ix":5},"nm":"Transform"}],"nm":"Ellipse 3","np":3,"cix":2,"bm":0,"ix":2,"mn":"ADBE Vector Group","hd":false},{"ty":"tr","p":{"a":1,"k":[{"i":{"x":0.667,"y":1},"o":{"x":0.333,"y":0},"t":6,"s":[37,-49],"to":[-0.833,2.5],"ti":[-9.167,-2.5]},{"i":{"x":0.26,"y":1},"o":{"x":0.734,"y":0},"t":30,"s":[32,-34],"to":[9.167,2.5],"ti":[-2.5,1.667]},{"i":{"x":0.292,"y":1},"o":{"x":0.665,"y":0},"t":54,"s":[92,-34],"to":[2.5,-1.667],"ti":[10,0]},{"i":{"x":0.292,"y":1},"o":{"x":0.665,"y":0},"t":78,"s":[47,-44],"to":[-10,0],"ti":[2.5,-1.667]},{"t":102,"s":[32,-34]}],"ix":2},"a":{"a":0,"k":[32,-34],"ix":1},"s":{"a":0,"k":[100,100],"ix":3},"r":{"a":0,"k":0,"ix":6},"o":{"a":0,"k":100,"ix":7},"sk":{"a":0,"k":0,"ix":4},"sa":{"a":0,"k":0,"ix":5},"nm":"Transform"}],"nm":"brilho","np":2,"cix":2,"bm":0,"ix":1,"mn":"ADBE Vector Group","hd":false},{"ty":"gr","it":[{"ind":0,"ty":"sh","ix":1,"ks":{"a":1,"k":[{"i":{"x":0.417,"y":1},"o":{"x":0.836,"y":0},"t":6,"s":[{"i":[[-48.601,0],[0,-48.601],[48.601,0],[0,48.601]],"o":[[48.601,0],[0,48.601],[-48.601,0],[0,-48.601]],"v":[[0,-88],[88,0],[0,88],[-88,0]],"c":true}]},{"i":{"x":0.771,"y":1},"o":{"x":1,"y":0},"t":30,"s":[{"i":[[-25.957,0],[0,-25.957],[25.957,0],[0,25.957]],"o":[[25.957,0],[0,25.957],[-25.957,0],[0,-25.957]],"v":[[0,-47],[47,0],[0,47],[-47,0]],"c":true}]},{"i":{"x":0,"y":1},"o":{"x":0.303,"y":0},"t":44,"s":[{"i":[[-34.882,0],[0,-34.882],[34.882,0],[0,34.882]],"o":[[34.882,0],[0,34.882],[-34.882,0],[0,-34.882]],"v":[[0,-63.159],[63.159,0],[0,63.159],[-63.159,0]],"c":true}]},{"i":{"x":0.137,"y":1},"o":{"x":0.167,"y":0},"t":57,"s":[{"i":[[-25.957,0],[0,-25.957],[25.957,0],[0,25.957]],"o":[[25.957,0],[0,25.957],[-25.957,0],[0,-25.957]],"v":[[0,-47],[47,0],[0,47],[-47,0]],"c":true}]},{"i":{"x":0.771,"y":1},"o":{"x":1,"y":0},"t":78,"s":[{"i":[[-25.957,0],[0,-25.957],[25.957,0],[0,25.957]],"o":[[25.957,0],[0,25.957],[-25.957,0],[0,-25.957]],"v":[[0,-47],[47,0],[0,47],[-47,0]],"c":true}]},{"i":{"x":0,"y":1},"o":{"x":0.303,"y":0},"t":92,"s":[{"i":[[-32.502,0],[0,-32.502],[32.502,0],[0,32.502]],"o":[[32.502,0],[0,32.502],[-32.502,0],[0,-32.502]],"v":[[0,-58.85],[58.85,0],[0,58.85],[-58.85,0]],"c":true}]},{"i":{"x":0.667,"y":1},"o":{"x":0.167,"y":0},"t":105,"s":[{"i":[[-25.957,0],[0,-25.957],[25.957,0],[0,25.957]],"o":[[25.957,0],[0,25.957],[-25.957,0],[0,-25.957]],"v":[[0,-47],[47,0],[0,47],[-47,0]],"c":true}]},{"i":{"x":0.21,"y":1},"o":{"x":0.834,"y":0},"t":114,"s":[{"i":[[-25.957,0],[0,-25.957],[25.957,0],[0,25.957]],"o":[[25.957,0],[0,25.957],[-25.957,0],[0,-25.957]],"v":[[0,-47],[47,0],[0,47],[-47,0]],"c":true}]},{"t":126,"s":[{"i":[[-32.502,0],[0,-32.502],[32.502,0],[0,32.502]],"o":[[32.502,0],[0,32.502],[-32.502,0],[0,-32.502]],"v":[[0,-58.85],[58.85,0],[0,58.85],[-58.85,0]],"c":true}]}],"ix":2},"nm":"Path 1","mn":"ADBE Vector Shape - Group","hd":false},{"ty":"fl","c":{"a":0,"k":[0.032679419424,0.011715264414,0.006782520986,1],"ix":4},"o":{"a":0,"k":100,"ix":5},"r":1,"bm":0,"nm":"Fill 1","mn":"ADBE Vector Graphic - Fill","hd":false},{"ty":"tr","p":{"a":0,"k":[0,0],"ix":2},"a":{"a":0,"k":[0,0],"ix":1},"s":{"a":0,"k":[100,100],"ix":3},"r":{"a":0,"k":0,"ix":6},"o":{"a":0,"k":100,"ix":7},"sk":{"a":0,"k":0,"ix":4},"sa":{"a":0,"k":0,"ix":5},"nm":"Transform"}],"nm":"Ellipse 2","np":3,"cix":2,"bm":0,"ix":2,"mn":"ADBE Vector Group","hd":false},{"ty":"gr","it":[{"ind":0,"ty":"sh","ix":1,"ks":{"a":0,"k":{"i":[[-60.751,0],[0,-60.751],[60.751,0],[0,60.751]],"o":[[60.751,0],[0,60.751],[-60.751,0],[0,-60.751]],"v":[[0,-110],[110,0],[0,110],[-110,0]],"c":true},"ix":2},"nm":"Path 1","mn":"ADBE Vector Shape - Group","hd":false},{"ty":"fl","c":{"a":0,"k":[0.5843137254901961,1,0,1],"ix":4},"o":{"a":0,"k":100,"ix":5},"r":1,"bm":0,"nm":"Fill 1","mn":"ADBE Vector Graphic - Fill","hd":false},{"ty":"tr","p":{"a":0,"k":[0,0],"ix":2},"a":{"a":0,"k":[0,0],"ix":1},"s":{"a":0,"k":[100,100],"ix":3},"r":{"a":0,"k":0,"ix":6},"o":{"a":0,"k":100,"ix":7},"sk":{"a":0,"k":0,"ix":4},"sa":{"a":0,"k":0,"ix":5},"nm":"Transform"}],"nm":"Ellipse 1","np":3,"cix":2,"bm":0,"ix":3,"mn":"ADBE Vector Group","hd":false}],"ip":6,"op":126,"st":6,"bm":0},{"ddd":0,"ind":3,"ty":4,"nm":"eye_01","sr":1,"ks":{"o":{"a":0,"k":100,"ix":11},"r":{"a":0,"k":0,"ix":10},"p":{"a":0,"k":[5000.000000000001,5000.000000000001,0],"ix":2},"a":{"a":0,"k":[0,0,0],"ix":1},"s":{"a":0,"k":[925.925925925926,925.925925925926,100],"ix":6}},"ao":0,"shapes":[{"ty":"gr","it":[{"ind":0,"ty":"sh","ix":1,"ks":{"a":1,"k":[{"i":{"x":0.19,"y":1},"o":{"x":1,"y":0},"t":6,"s":[{"i":[[-1.312,0],[0,0],[1.375,0],[0,0]],"o":[[1.813,0],[0,0],[-1.25,0],[0,0]],"v":[[-0.25,0.063],[-0.5,0],[0,0],[-0.5,0]],"c":true}]},{"i":{"x":0,"y":1},"o":{"x":0.727,"y":0},"t":10,"s":[{"i":[[-121.503,0],[0,0],[121.503,0],[0,0]],"o":[[121.503,0],[0,0],[-121.503,0],[0,0]],"v":[[0,-5],[220,0],[0,5],[-220,0]],"c":true}]},{"i":{"x":0.833,"y":0.833},"o":{"x":0.583,"y":0},"t":30,"s":[{"i":[[-121.503,0],[0,0],[121.503,0],[0,0]],"o":[[121.503,0],[0,0],[-121.503,0],[0,0]],"v":[[0,-105],[220,0],[0,105],[-220,0]],"c":true}]},{"i":{"x":0.298,"y":1},"o":{"x":0.167,"y":0.167},"t":44,"s":[{"i":[[-121.503,0],[0,0],[121.503,0],[0,0]],"o":[[121.503,0],[0,0],[-121.503,0],[0,0]],"v":[[-33.464,64.89],[186.268,13.89],[-33.929,64.89],[-253.732,13.89]],"c":true}]},{"i":{"x":0.317,"y":1},"o":{"x":0.765,"y":0},"t":57,"s":[{"i":[[-121.503,0],[0,0],[121.503,0],[0,0]],"o":[[121.503,0],[0,0],[-121.503,0],[0,0]],"v":[[-51,-84],[169,21],[-51,126],[-271,21]],"c":true}]},{"i":{"x":0.833,"y":0.833},"o":{"x":0.671,"y":0},"t":81,"s":[{"i":[[-121.503,0],[0,0],[121.503,0],[0,0]],"o":[[121.503,0],[0,0],[-121.503,0],[0,0]],"v":[[54,-88],[274,17],[54,122],[-166,17]],"c":true}]},{"i":{"x":0.323,"y":1},"o":{"x":0.167,"y":0.167},"t":92,"s":[{"i":[[-121.503,0],[0,0],[121.503,0],[0,0]],"o":[[121.503,0],[0,0],[-121.503,0],[0,0]],"v":[[33.109,101.485],[253.304,10.485],[33.109,101.485],[-186.696,10.485]],"c":true}]},{"i":{"x":0.667,"y":1},"o":{"x":0.167,"y":0},"t":105,"s":[{"i":[[-121.503,0],[0,0],[121.503,0],[0,0]],"o":[[121.503,0],[0,0],[-121.503,0],[0,0]],"v":[[0,-105],[220,0],[0,105],[-220,0]],"c":true}]},{"i":{"x":0.21,"y":1},"o":{"x":0.834,"y":0},"t":114,"s":[{"i":[[-121.503,0],[0,0],[121.503,0],[0,0]],"o":[[121.503,0],[0,0],[-121.503,0],[0,0]],"v":[[0,-105],[220,0],[0,105],[-220,0]],"c":true}]},{"t":126,"s":[{"i":[[-121.503,0],[0,0],[121.503,0],[0,0]],"o":[[121.503,0],[0,0],[-121.503,0],[0,0]],"v":[[0,60],[220,0],[0,60],[-220,0]],"c":true}]}],"ix":2},"nm":"Path 1","mn":"ADBE Vector Shape - Group","hd":false},{"ty":"fl","c":{"a":0,"k":[0.8627450980392157,0.8627450980392157,0.8627450980392157,1],"ix":4},"o":{"a":0,"k":100,"ix":5},"r":1,"bm":0,"nm":"Fill 1","mn":"ADBE Vector Graphic - Fill","hd":false},{"ty":"tr","p":{"a":0,"k":[0,0],"ix":2},"a":{"a":0,"k":[0,0],"ix":1},"s":{"a":0,"k":[100,100],"ix":3},"r":{"a":0,"k":0,"ix":6},"o":{"a":0,"k":100,"ix":7},"sk":{"a":0,"k":0,"ix":4},"sa":{"a":0,"k":0,"ix":5},"nm":"Transform"}],"nm":"Ellipse 2","np":3,"cix":2,"bm":0,"ix":1,"mn":"ADBE Vector Group","hd":false}],"ip":6,"op":126,"st":6,"bm":0}],"markers":[]}